{
  "total_prompts": 5,
  "passed_tests": 1,
  "sophistication_average": 0.5599999999999999,
  "coverage_score": 0.0,
  "effectiveness_score": 0.8,
  "timestamp": 1755548953.1363966
}