{
  "total_prompts": 27,
  "passed_tests": 27,
  "sophistication_average": 0.8370370370370374,
  "coverage_score": 1.0,
  "effectiveness_score": 1.0,
  "timestamp": 1755549140.051772
}