{
  "total_prompts": 27,
  "passed_tests": 25,
  "sophistication_average": 0.8111111111111113,
  "coverage_score": 0.2222222222222222,
  "effectiveness_score": 1.0,
  "timestamp": 1755549023.8208673
}